{
  "table": [
    [
      "100",
      "■",
      "",
      "22:24",
      "ICE 153",
      "Mainz Hbf",
      "Schlier über",
      "Karlsruhe nach",
      "-222F--",
      "+++ Vorsicht: STUMMI-ICE fährt durch  +++  Danke an Hardi, Michael, Tobias, Klaus & Freddy,... +++"
    ],
    [
      "100",
      "■",
      "",
      "09:34",
      "RB 1521",
      "Aschaffenburg",
      "Großauheim - Kahl",
      "- Großkrotzenburg",
      "",
      ""
    ],
    [
      "101",
      "■",
      "",
      "10:04",
      "RB 3237",
      "Plattling",
      "Freising - Moosburg",
      "- Landshut",
      "",
      ""
    ],
    [
      "101",
      "■",
      "",
      "12:53",
      "EC 172",
      "Hamburg - Altona",
      "Berlin Hbf -",
      "Hamburg Hbf",
      "-222211",
      "Verspätung ca. 10 Min."
    ],
    [
      "102",
      "■",
      "",
      "15:21",
      "ICE 592",
      "Berlin Ostbf",
      "Fulda - Kassel -",
      "Braunschweig Hbf",
      "11111",
      ""
    ],
    [
      "102",
      "■",
      "",
      "17:02",
      "IC 602",
      "Puttgarden",
      "Wuppertal - Dortmund",
      "Bremen - Hamburg",
      "22111",
      ""
    ],
    [
      "103",
      "■",
      "",
      "18:30",
      "RE 7",
      "Kiel / Flensburg",
      "Elmshorn -",
      "Neumünster",
      "2121",
      "Zugteilung in Neumünster - Vorderer Zugteil fährt bis Flensburg"
    ],
    [
      "103",
      "■",
      "",
      "G934",
      "Hg-Exp",
      "Hogsmeade",
      "King's Cross",
      "- nonstop -",
      "-------",
      "Hogwarts-Express"
    ],
    [
      "104",
      "■",
      "",
      "21:45",
      "ICE 651",
      "Leipzig Hbf",
      "Fulda - Eisenach",
      "",
      "",
      "Achtung: Heute auf Gleis 7"
    ],
    [
      "104",
      "■",
      "",
      "",
      "",
      "",
      "",
      "",
      "",
      ""
    ]
  ],
  "config": {
    "ssid": "",
    "password": "",
    "hostname": "",
    "use_dcc": true,
    "first_dcc_addr": "",
    "use_grp": true,
    "use_i2c": true,
    "set_rotation": true,
    "random": false,
    "min_time": "20",
    "max_time": "60"
  },
  "rails": [
    {
      "gleis": "1",
      "seite": "L",
      "pins": [
        0
      ]
    },
    {
      "gleis": "1",
      "seite": "R",
      "pins": [
        2
      ]
    },
    {
      "gleis": "2",
      "seite": "R",
      "pins": [
        1
      ]
    },
    {
      "gleis": "2",
      "seite": "L",
      "pins": [
        3
      ]
    },
    {
      "gleis": "",
      "seite": "",
      "pins": []
    },
    {
      "gleis": "",
      "seite": "",
      "pins": []
    },
    {
      "gleis": "",
      "seite": "",
      "pins": []
    },
    {
      "gleis": "",
      "seite": "",
      "pins": []
    },
    {
      "gleis": "",
      "seite": "",
      "pins": []
    },
    {
      "gleis": "",
      "seite": "",
      "pins": []
    },
    {
      "gleis": "",
      "seite": "",
      "pins": []
    },
    {
      "gleis": "",
      "seite": "",
      "pins": []
    },
    {
      "gleis": "",
      "seite": "",
      "pins": []
    },
    {
      "gleis": "",
      "seite": "",
      "pins": []
    },
    {
      "gleis": "",
      "seite": "",
      "pins": []
    },
    {
      "gleis": "",
      "seite": "",
      "pins": []
    },
    {
      "gleis": "",
      "seite": "",
      "pins": []
    },
    {
      "gleis": "",
      "seite": "",
      "pins": []
    },
    {
      "gleis": "",
      "seite": "",
      "pins": []
    },
    {
      "gleis": "",
      "seite": "",
      "pins": []
    },
    {
      "gleis": "",
      "seite": "",
      "pins": []
    },
    {
      "gleis": "",
      "seite": "",
      "pins": []
    },
    {
      "gleis": "",
      "seite": "",
      "pins": []
    },
    {
      "gleis": "",
      "seite": "",
      "pins": []
    },
    {
      "gleis": "",
      "seite": "",
      "pins": []
    },
    {
      "gleis": "",
      "seite": "",
      "pins": []
    },
    {
      "gleis": "",
      "seite": "",
      "pins": []
    },
    {
      "gleis": "",
      "seite": "",
      "pins": []
    },
    {
      "gleis": "",
      "seite": "",
      "pins": []
    },
    {
      "gleis": "",
      "seite": "",
      "pins": []
    },
    {
      "gleis": "",
      "seite": "",
      "pins": []
    },
    {
      "gleis": "",
      "seite": "",
      "pins": []
    }
  ]
}