{
  "table": [
    [
      "308",
      "■",
      "BR218",
      "22:24",
      "ICE 153",
      "Mainz Hbf",
      "Schlier über",
      "Karlsruhe nach",
      "-222F--",
      "+++ Vorsicht: STUMMI-ICE fährt durch  +++  Danke an Hardi, Michael, Tobias, Klaus & Freddy,... +++"
    ],
    [
      "308",
      "■",
      "BR218",
      "09:34",
      "RB 1521",
      "Aschaffenburg",
      "Großauheim - Kahl",
      "- Großkrotzenburg",
      "",
      ""
    ],
    [
      "309",
      "■",
      "",
      "10:04",
      "RB 3237",
      "Plattling",
      "Freising - Moosburg",
      "- Landshut",
      "",
      ""
    ],
    [
      "309",
      "■",
      "",
      "12:53",
      "EC 172",
      "Hamburg - Altona",
      "Berlin Hbf -",
      "Hamburg Hbf",
      "-222211",
      "Verspätung ca. 10 Min."
    ],
    [
      "310",
      "■",
      "",
      "15:21",
      "ICE 592",
      "Berlin Ostbf",
      "Fulda - Kassel -",
      "Braunschweig Hbf",
      "11111",
      ""
    ],
    [
      "310",
      "■",
      "",
      "17:02",
      "IC 602",
      "Puttgarden",
      "Wuppertal - Dortmund",
      "Bremen - Hamburg",
      "22111",
      ""
    ],
    [
      "311",
      "■",
      "",
      "18:30",
      "RE 7",
      "Kiel / Flensburg",
      "Elmshorn -",
      "Neumünster",
      "2121",
      "Zugteilung in Neumünster - Vorderer Zugteil fährt bis Flensburg"
    ],
    [
      "311",
      "■",
      "",
      "G934",
      "Hg-Exp",
      "Hogsmeade",
      "King's Cross",
      "- nonstop -",
      "-------",
      "Hogwarts-Express"
    ],
    [
      "312",
      "■",
      "",
      "21:45",
      "ICE 651",
      "Leipzig Hbf",
      "Fulda - Eisenach",
      "",
      "",
      "Achtung: Heute auf Gleis 7"
    ],
    [
      "312",
      "■",
      "BR232",
      "10:25",
      "RB 1025",
      "Friedrichshafen",
      "Freising - Moosburg",
      "- Landshut",
      "-222F--",
      "MLL-Sonderzug zur Faszination Modellbau"
    ],
    [
      "313",
      "■",
      "BR232",
      "11:27",
      "DD 313",
      "Entenhausen",
      "Duckburg",
      "Onkel Dagobert",
      "--313--",
      "Keine Mitfahrt für Panzerknacker"
    ],
    [
      "313",
      "■",
      "",
      "20:00",
      "",
      "Sonderzug",
      "zum Stammtisch",
      "",
      "",
      ""
    ],
    [
      "314",
      "■",
      "",
      "",
      "",
      "",
      "",
      "",
      "",
      ""
    ]
  ],
  "config": {
    "ssid": "MobaLedLib",
    "password": "0123456789",
    "hostname": "ZZA_Entenhausen",
    "first_dcc_addr": "300",
    "use_grp": true,
    "set_rotation": true,
    "random": false,
    "min_time": "20",
    "max_time": "60",
    "display_type": "SSD1316"
  },
  "rails": [
    {
      "gleis": "1",
      "seite": "L",
      "pins": [
        0,
        4,
        8
      ]
    },
    {
      "gleis": "1",
      "seite": "R",
      "pins": [
        2,
        6,
        10
      ]
    },
    {
      "gleis": "2",
      "seite": "R",
      "pins": [
        1,
        5,
        9
      ]
    },
    {
      "gleis": "2",
      "seite": "L",
      "pins": [
        3,
        7,
        11
      ]
    },
    {
      "gleis": "3",
      "seite": "L",
      "pins": [
        12,
        16,
        20
      ]
    },
    {
      "gleis": "3",
      "seite": "R",
      "pins": [
        14,
        18,
        22
      ]
    },
    {
      "gleis": "4",
      "seite": "R",
      "pins": [
        13,
        17,
        21
      ]
    },
    {
      "gleis": "4",
      "seite": "L",
      "pins": [
        15,
        19,
        23
      ]
    },
    {
      "gleis": "",
      "seite": "",
      "pins": []
    },
    {
      "gleis": "",
      "seite": "",
      "pins": []
    },
    {
      "gleis": "",
      "seite": "",
      "pins": []
    },
    {
      "gleis": "",
      "seite": "",
      "pins": []
    },
    {
      "gleis": "",
      "seite": "",
      "pins": []
    },
    {
      "gleis": "",
      "seite": "",
      "pins": []
    },
    {
      "gleis": "",
      "seite": "",
      "pins": []
    },
    {
      "gleis": "",
      "seite": "",
      "pins": []
    },
    {
      "gleis": "",
      "seite": "",
      "pins": []
    },
    {
      "gleis": "",
      "seite": "",
      "pins": []
    },
    {
      "gleis": "",
      "seite": "",
      "pins": []
    },
    {
      "gleis": "",
      "seite": "",
      "pins": []
    },
    {
      "gleis": "",
      "seite": "",
      "pins": []
    },
    {
      "gleis": "",
      "seite": "",
      "pins": []
    },
    {
      "gleis": "",
      "seite": "",
      "pins": []
    },
    {
      "gleis": "",
      "seite": "",
      "pins": []
    },
    {
      "gleis": "",
      "seite": "",
      "pins": []
    },
    {
      "gleis": "",
      "seite": "",
      "pins": []
    },
    {
      "gleis": "",
      "seite": "",
      "pins": []
    },
    {
      "gleis": "",
      "seite": "",
      "pins": []
    },
    {
      "gleis": "",
      "seite": "",
      "pins": []
    },
    {
      "gleis": "",
      "seite": "",
      "pins": []
    },
    {
      "gleis": "",
      "seite": "",
      "pins": []
    },
    {
      "gleis": "",
      "seite": "",
      "pins": []
    }
  ]
}