{
  "table": [
    [
      "100",
      "■",
      "BR410",
      "22:24",
      "ICE 153",
      "Mainz Hbf",
      "Schlier über",
      "Karlsruhe nach",
      "-222F--",
      "+++ Vorsicht: STUMMI-ICE fährt durch +++      +++ Danke an Michael, Tobias, Klaus & Fredddy,... +++"
    ],
    [
      "100",
      "■",
      "BR410",
      "09:34",
      "RB 1521",
      "Aschaffenburg",
      "Großauheim - Kahl",
      "- Großkrotzenburg",
      "",
      ""
    ],
    [
      "101",
      "■",
      "BR218",
      "10:04",
      "RB 3237",
      "Plattling",
      "Freising - Moosburg",
      "- Landshut",
      "",
      ""
    ],
    [
      "101",
      "■",
      "BR218",
      "12:53",
      "EC 172",
      "Hamburg - Altona",
      "Berlin Hbf -",
      "Hamburg Hbf",
      "-222211",
      "Verspätung ca. 10 Min."
    ],
    [
      "102",
      "■",
      "",
      "",
      "",
      "",
      "",
      "",
      "",
      ""
    ],
    [
      "102",
      "■",
      "",
      "",
      "",
      "",
      "",
      "",
      "",
      ""
    ],
    [
      "103",
      "■",
      "",
      "",
      "",
      "",
      "",
      "",
      "",
      ""
    ],
    [
      "103",
      "■",
      "",
      "",
      "",
      "",
      "",
      "",
      "",
      ""
    ],
    [
      "104",
      "■",
      "",
      "",
      "",
      "",
      "",
      "",
      "",
      ""
    ],
    [
      "104",
      "■",
      "",
      "",
      "",
      "",
      "",
      "",
      "",
      ""
    ]
  ],
  "config": {
    "ssid": "",
    "password": "",
    "hostname": "",
    "use_dcc": true,
    "first_dcc_addr": "",
    "use_grp": true,
    "use_i2c": true,
    "set_rotation": true,
    "random": false,
    "min_time": "20",
    "max_time": "60"
  },
  "rails": [
    {
      "gleis": "1",
      "seite": "L",
      "pins": [
        0,
        4,
        8,
        12
      ]
    },
    {
      "gleis": "1",
      "seite": "R",
      "pins": [
        2,
        6,
        10,
        14
      ]
    },
    {
      "gleis": "2",
      "seite": "R",
      "pins": [
        1,
        5,
        9,
        13
      ]
    },
    {
      "gleis": "2",
      "seite": "L",
      "pins": [
        3,
        7,
        11,
        15
      ]
    },
    {
      "gleis": "3",
      "seite": "L",
      "pins": [
        16,
        20,
        24,
        28
      ]
    },
    {
      "gleis": "3",
      "seite": "R",
      "pins": [
        18,
        22,
        26,
        30
      ]
    },
    {
      "gleis": "4",
      "seite": "R",
      "pins": [
        17,
        21,
        25,
        29
      ]
    },
    {
      "gleis": "4",
      "seite": "L",
      "pins": [
        19,
        23,
        27,
        31
      ]
    },
    {
      "gleis": "",
      "seite": "",
      "pins": []
    },
    {
      "gleis": "",
      "seite": "",
      "pins": []
    },
    {
      "gleis": "",
      "seite": "",
      "pins": []
    },
    {
      "gleis": "",
      "seite": "",
      "pins": []
    },
    {
      "gleis": "",
      "seite": "",
      "pins": []
    },
    {
      "gleis": "",
      "seite": "",
      "pins": []
    },
    {
      "gleis": "",
      "seite": "",
      "pins": []
    },
    {
      "gleis": "",
      "seite": "",
      "pins": []
    },
    {
      "gleis": "",
      "seite": "",
      "pins": []
    },
    {
      "gleis": "",
      "seite": "",
      "pins": []
    },
    {
      "gleis": "",
      "seite": "",
      "pins": []
    },
    {
      "gleis": "",
      "seite": "",
      "pins": []
    },
    {
      "gleis": "",
      "seite": "",
      "pins": []
    },
    {
      "gleis": "",
      "seite": "",
      "pins": []
    },
    {
      "gleis": "",
      "seite": "",
      "pins": []
    },
    {
      "gleis": "",
      "seite": "",
      "pins": []
    },
    {
      "gleis": "",
      "seite": "",
      "pins": []
    },
    {
      "gleis": "",
      "seite": "",
      "pins": []
    },
    {
      "gleis": "",
      "seite": "",
      "pins": []
    },
    {
      "gleis": "",
      "seite": "",
      "pins": []
    },
    {
      "gleis": "",
      "seite": "",
      "pins": []
    },
    {
      "gleis": "",
      "seite": "",
      "pins": []
    },
    {
      "gleis": "",
      "seite": "",
      "pins": []
    },
    {
      "gleis": "",
      "seite": "",
      "pins": []
    }
  ]
}