{
  "table": [
    [
      "355",
      "●",
      "BR410",
      "22:24",
      "ICE 153",
      "Mainz Hbf",
      "Schlier über",
      "Karlsruhe nach",
      "-222F--",
      "+++ Vorsicht: STUMMI-ICE fährt durch +++      +++ Danke an Michael, Tobias, Klaus & Fredddy,... +++"
    ],
    [
      "355",
      "●",
      "BR410",
      "09:34",
      "RB 1521",
      "Aschaffenburg",
      "Großauheim - Kahl",
      "- Großkrotzenburg",
      "",
      ""
    ],
    [
      "356",
      "●",
      "BR218",
      "10:04",
      "RB 3237",
      "Plattling",
      "Freising - Moosburg",
      "- Landshut",
      "",
      ""
    ],
    [
      "356",
      "●",
      "BR218",
      "12:53",
      "EC 172",
      "Hamburg - Altona",
      "Berlin Hbf -",
      "Hamburg Hbf",
      "-222211",
      "Verspätung ca. 10 Min."
    ],
    [
      "357",
      "●",
      "",
      "",
      "",
      "Test",
      "",
      "",
      "",
      ""
    ],
    [
      "357",
      "●",
      "",
      "",
      "",
      "",
      "",
      "",
      "",
      ""
    ],
    [
      "358",
      "●",
      "",
      "",
      "",
      "",
      "",
      "",
      "",
      ""
    ],
    [
      "358",
      "●",
      "",
      "",
      "",
      "",
      "",
      "",
      "",
      ""
    ],
    [
      "359",
      "●",
      "",
      "",
      "",
      "",
      "",
      "",
      "",
      ""
    ],
    [
      "359",
      "●",
      "",
      "",
      "",
      "",
      "",
      "",
      "",
      ""
    ],
    [
      "360",
      "●",
      "",
      "",
      "",
      "",
      "",
      "",
      "",
      ""
    ],
    [
      "360",
      "●",
      "",
      "",
      "",
      "",
      "",
      "",
      "",
      ""
    ],
    [
      "361",
      "●",
      "",
      "",
      "",
      "",
      "",
      "",
      "",
      ""
    ],
    [
      "361",
      "●",
      "",
      "",
      "",
      "",
      "",
      "",
      "",
      ""
    ],
    [
      "362",
      "●",
      "",
      "",
      "",
      "",
      "",
      "",
      "",
      ""
    ],
    [
      "362",
      "●",
      "",
      "",
      "",
      "",
      "",
      "",
      "",
      ""
    ],
    [
      "363",
      "●",
      "",
      "",
      "",
      "",
      "",
      "",
      "",
      ""
    ],
    [
      "363",
      "●",
      "",
      "",
      "",
      "",
      "",
      "",
      "",
      ""
    ],
    [
      "364",
      "●",
      "",
      "",
      "",
      "",
      "",
      "",
      "",
      ""
    ],
    [
      "364",
      "●",
      "",
      "",
      "",
      "",
      "",
      "",
      "",
      ""
    ]
  ],
  "config": {
    "ssid": "",
    "password": "",
    "hostname": "",
    "use_dcc": true,
    "first_dcc_addr": "102",
    "use_grp": true,
    "use_i2c": true,
    "set_rotation": true
  },
  "rails": []
}