{
  "table": [
    [
      "361",
      "■",
      "BR410",
      "22:24",
      "ICE 153",
      "Mainz Hbf",
      "Schlier über",
      "Karlsruhe nach",
      "-222F--",
      "+++ Vorsicht: STUMMI-ICE fährt durch +++      +++ Danke an Michael, Tobias, Klaus & Fredddy,... +++"
    ],
    [
      "361",
      "■",
      "BR410",
      "09:34",
      "RB 1521",
      "Aschaffenburg",
      "Großauheim - Kahl",
      "- Großkrotzenburg",
      "",
      ""
    ],
    [
      "362",
      "■",
      "BR218",
      "10:04",
      "RB 3237",
      "Plattling",
      "Freising - Moosburg",
      "- Landshut",
      "",
      ""
    ],
    [
      "362",
      "■",
      "BR218",
      "12:53",
      "EC 172",
      "Hamburg - Altona",
      "Berlin Hbf -",
      "Hamburg Hbf",
      "-222211",
      "Verspätung ca. 10 Min."
    ],
    [
      "363",
      "■",
      "",
      "",
      "",
      "",
      "",
      "",
      "",
      ""
    ],
    [
      "363",
      "■",
      "",
      "",
      "",
      "",
      "",
      "",
      "",
      ""
    ],
    [
      "364",
      "■",
      "",
      "",
      "",
      "",
      "",
      "",
      "",
      ""
    ],
    [
      "364",
      "■",
      "",
      "",
      "",
      "",
      "",
      "",
      "",
      ""
    ],
    [
      "365",
      "■",
      "",
      "",
      "",
      "",
      "",
      "",
      "",
      ""
    ],
    [
      "365",
      "■",
      "",
      "",
      "",
      "",
      "",
      "",
      "",
      ""
    ]
  ],
  "config": {
    "ssid": "",
    "password": "",
    "hostname": "",
    "use_dcc": true,
    "first_dcc_addr": "",
    "use_grp": true,
    "use_i2c": true,
    "set_rotation": true,
    "random": false,
    "min_time": "20",
    "max_time": "60"
  },
  "rails": [
    {
      "gleis": "1",
      "seite": "L",
      "pins": [
        0
      ]
    },
    {
      "gleis": "1",
      "seite": "R",
      "pins": [
        2
      ]
    },
    {
      "gleis": "2",
      "seite": "R",
      "pins": [
        1
      ]
    },
    {
      "gleis": "2",
      "seite": "L",
      "pins": [
        3
      ]
    },
    {
      "gleis": "3",
      "seite": "L",
      "pins": [
        4
      ]
    },
    {
      "gleis": "3",
      "seite": "R",
      "pins": [
        6
      ]
    },
    {
      "gleis": "4",
      "seite": "R",
      "pins": [
        5
      ]
    },
    {
      "gleis": "4",
      "seite": "L",
      "pins": [
        7
      ]
    },
    {
      "gleis": "5",
      "seite": "L",
      "pins": [
        8
      ]
    },
    {
      "gleis": "5",
      "seite": "R",
      "pins": [
        10
      ]
    },
    {
      "gleis": "6",
      "seite": "R",
      "pins": [
        9
      ]
    },
    {
      "gleis": "6",
      "seite": "L",
      "pins": [
        11
      ]
    },
    {
      "gleis": "7",
      "seite": "L",
      "pins": [
        12
      ]
    },
    {
      "gleis": "7",
      "seite": "R",
      "pins": [
        14
      ]
    },
    {
      "gleis": "8",
      "seite": "R",
      "pins": [
        13
      ]
    },
    {
      "gleis": "8",
      "seite": "L",
      "pins": [
        15
      ]
    },
    {
      "gleis": "9",
      "seite": "L",
      "pins": [
        16
      ]
    },
    {
      "gleis": "9",
      "seite": "R",
      "pins": [
        18
      ]
    },
    {
      "gleis": "10",
      "seite": "R",
      "pins": [
        17
      ]
    },
    {
      "gleis": "10",
      "seite": "L",
      "pins": [
        19
      ]
    },
    {
      "gleis": "11",
      "seite": "L",
      "pins": [
        20
      ]
    },
    {
      "gleis": "11",
      "seite": "R",
      "pins": [
        22
      ]
    },
    {
      "gleis": "12",
      "seite": "R",
      "pins": [
        21
      ]
    },
    {
      "gleis": "12",
      "seite": "L",
      "pins": [
        23
      ]
    },
    {
      "gleis": "13",
      "seite": "L",
      "pins": [
        24
      ]
    },
    {
      "gleis": "13",
      "seite": "R",
      "pins": [
        26
      ]
    },
    {
      "gleis": "14",
      "seite": "R",
      "pins": [
        25
      ]
    },
    {
      "gleis": "14",
      "seite": "L",
      "pins": [
        27
      ]
    },
    {
      "gleis": "15",
      "seite": "L",
      "pins": [
        28
      ]
    },
    {
      "gleis": "15",
      "seite": "R",
      "pins": [
        30
      ]
    },
    {
      "gleis": "16",
      "seite": "R",
      "pins": [
        29
      ]
    },
    {
      "gleis": "16",
      "seite": "L",
      "pins": [
        31
      ]
    }
  ]
}