{
  "table": [
    [
      "359",
      "■",
      "BR410",
      "22:24",
      "ICE 153",
      "Mainz Hbf",
      "Schlier über",
      "Karlsruhe nach",
      "-222F--",
      "+++ Vorsicht: STUMMI-ICE fährt durch +++      +++ Danke an Michael, Tobias, Klaus & Fredddy,... +++"
    ],
    [
      "359",
      "■",
      "BR410",
      "09:34",
      "RB 1521",
      "Aschaffenburg",
      "Großauheim - Kahl",
      "- Großkrotzenburg",
      "",
      ""
    ],
    [
      "360",
      "■",
      "BR218",
      "10:04",
      "RB 3237",
      "Friedrichshafen",
      "Freising - Moosburg",
      "- Landshut",
      "",
      "MLL-Sonderzug zur Faszination Modellbau"
    ],
    [
      "360",
      "■",
      "BR218",
      "12:53",
      "EC 172",
      "Hamburg - Altona",
      "Berlin Hbf -",
      "Hamburg Hbf",
      "-222211",
      "Verspätung ca. 10 Min."
    ],
    [
      "361",
      "■",
      "BR428",
      "07:46",
      "RE9",
      "Eichenberg",
      "Hann. Münden -",
      "Witzenhausen",
      "-222F--",
      "Heute auf Gleis 1"
    ],
    [
      "361",
      "■",
      "BR428",
      "16:52",
      "RE5",
      "Melsungen",
      "Baunatal -",
      "Melsungen",
      "-222F--",
      ""
    ],
    [
      "362",
      "■",
      "BR428",
      "10:46",
      "RB5",
      "Fulda",
      "Melsungen -",
      "Bebra",
      "-2222--",
      ""
    ],
    [
      "362",
      "■",
      "BR428",
      "22:14",
      "RB5",
      "Bebra",
      "Guxhagen -",
      "Melsungen",
      "-222F--",
      "Zug verkehrt nur eingeschränkt"
    ],
    [
      "363",
      "■",
      "BR313",
      "10:25",
      "",
      "Entenhausen",
      "",
      "",
      "-313DD-",
      "Keine Mitfahrt für Panzerknacker"
    ],
    [
      "363",
      "■",
      "",
      "",
      "",
      "",
      "",
      "",
      "",
      ""
    ],
    [
      "364",
      "■",
      "",
      "",
      "",
      "",
      "",
      "",
      "",
      ""
    ]
  ],
  "config": {
    "ssid": "raily74",
    "password": "2q$Wh+3Tm6vKk/]$usAsx66J",
    "hostname": "ESP_ZZA_VAIHINGEN",
    "use_dcc": true,
    "first_dcc_addr": "355",
    "use_grp": true,
    "use_i2c": true,
    "set_rotation": true,
    "random": false,
    "min_time": "20",
    "max_time": "60"
  },
  "rails": [
    {
      "gleis": "1",
      "seite": "L",
      "pins": [
        0,
        4,
        8,
        12
      ]
    },
    {
      "gleis": "1",
      "seite": "R",
      "pins": [
        2,
        6,
        10,
        14
      ]
    },
    {
      "gleis": "2",
      "seite": "R",
      "pins": [
        1,
        5,
        9,
        13
      ]
    },
    {
      "gleis": "2",
      "seite": "L",
      "pins": [
        3,
        7,
        11,
        15
      ]
    },
    {
      "gleis": "3",
      "seite": "L",
      "pins": [
        16
      ]
    },
    {
      "gleis": "3",
      "seite": "R",
      "pins": [
        18
      ]
    },
    {
      "gleis": "4",
      "seite": "R",
      "pins": [
        17
      ]
    },
    {
      "gleis": "4",
      "seite": "L",
      "pins": [
        19
      ]
    },
    {
      "gleis": "",
      "seite": "",
      "pins": []
    },
    {
      "gleis": "",
      "seite": "",
      "pins": []
    },
    {
      "gleis": "",
      "seite": "",
      "pins": []
    },
    {
      "gleis": "",
      "seite": "",
      "pins": []
    },
    {
      "gleis": "",
      "seite": "",
      "pins": []
    },
    {
      "gleis": "",
      "seite": "",
      "pins": []
    },
    {
      "gleis": "",
      "seite": "",
      "pins": []
    },
    {
      "gleis": "",
      "seite": "",
      "pins": []
    },
    {
      "gleis": "",
      "seite": "",
      "pins": []
    },
    {
      "gleis": "",
      "seite": "",
      "pins": []
    },
    {
      "gleis": "",
      "seite": "",
      "pins": []
    },
    {
      "gleis": "",
      "seite": "",
      "pins": []
    },
    {
      "gleis": "",
      "seite": "",
      "pins": []
    },
    {
      "gleis": "",
      "seite": "",
      "pins": []
    },
    {
      "gleis": "",
      "seite": "",
      "pins": []
    },
    {
      "gleis": "",
      "seite": "",
      "pins": []
    },
    {
      "gleis": "",
      "seite": "",
      "pins": []
    },
    {
      "gleis": "",
      "seite": "",
      "pins": []
    },
    {
      "gleis": "",
      "seite": "",
      "pins": []
    },
    {
      "gleis": "",
      "seite": "",
      "pins": []
    },
    {
      "gleis": "",
      "seite": "",
      "pins": []
    },
    {
      "gleis": "",
      "seite": "",
      "pins": []
    },
    {
      "gleis": "",
      "seite": "",
      "pins": []
    },
    {
      "gleis": "",
      "seite": "",
      "pins": []
    }
  ]
}